network_id,property_id,abstract_time,total_time,size
1_1,0,52.27334738,1902.524875,910
1_1,1,49.73889971,995.9900398,910
1_1,2,48.09376764,64.97451639,710
1_1,3,48.31264615,850.905292,910
1_1,4,48.22095156,3357.916686,910
1_1,5,-,3600,-
1_1,6,0,2.713027954,910
1_1,7,48.81716228,1107.572762,910
1_1,8,48.34983587,951.2098818,910
1_1,9,49.24885559,1127.254163,910
1_1,10,51.42529416,875.1746142,910
1_1,11,48.15487266,65.00390458,710
1_1,12,47.17815304,1634.208066,910
1_1,13,48.0896132,1013.207758,910
1_1,14,48.67729187,2335.447679,910
1_1,15,52.46301436,2927.750506,910
1_1,16,-,3600,-
1_1,17,49.29745126,911.6326799,910
1_1,18,49.33425546,66.18823934,710
1_1,19,47.39132476,1051.990489,910
network_id,property_id,abstract_time,total_time,size
1_2,0,51.77439785,69.22998405,710
1_2,1,48.1944294,49.27280283,710
1_2,2,-,3600,-
1_2,3,48.66433358,2721.67243,910
1_2,4,-,3600,-
1_2,5,-,3600,-
1_2,6,0,2.85513258,910
1_2,7,48.8326869,65.61164308,710
1_2,8,49.52202916,66.24086976,710
1_2,9,47.46753359,64.95856762,710
1_2,10,48.74395037,1799.864423,909
1_2,11,-,3600,-
1_2,12,-,3600,-
1_2,13,50.08284998,954.6503947,909
1_2,14,49.73902988,67.67317891,710
1_2,15,49.64308596,2831.221655,909
1_2,16,-,3600,-
1_2,17,48.29919648,1289.047518,910
1_2,18,51.71460795,2391.534488,910
1_2,19,48.40835929,1389.815968,910
network_id,property_id,abstract_time,total_time,size
1_3,0,-,3600,-
1_3,1,-,3600,-
1_3,2,-,3600,-
1_3,3,47.52511406,1251.738478,907
1_3,4,48.11827445,1082.975322,910
1_3,5,-,3600,-
1_3,6,-,3600,-
1_3,7,-,3600,-
1_3,8,47.59428906,2180.911379,910
1_3,9,48.13456082,2661.552743,909
1_3,10,49.78070569,872.3691764,910
1_3,11,-,3600,-
1_3,12,-,3600,-
1_3,13,45.90029931,1840.10467,908
1_3,14,-,3600,-
1_3,15,-,3600,-
1_3,16,-,3600,-
1_3,17,47.58188915,824.1475096,906
1_3,18,-,3600,-
1_3,19,-,3600,-
network_id,property_id,abstract_time,total_time,size
1_4,0,-,3600,-
1_4,1,-,3600,-
1_4,2,-,3600,-
1_4,3,46.89426732,63.49992037,710
1_4,4,45.81352711,62.17386866,710
1_4,5,-,3600,-
1_4,6,0,2.423267841,910
1_4,7,45.5314393,62.10602236,710
1_4,8,46.02308631,62.84389687,710
1_4,9,45.0315764,61.52804923,710
1_4,10,48.86932683,3318.241677,909
1_4,11,48.01827621,65.1460371,710
1_4,12,-,3600,-
1_4,13,46.58028984,63.63122702,710
1_4,14,-,3600,-
1_4,15,-,3600,-
1_4,16,-,3600,-
1_4,17,44.44891095,60.63387871,710
1_4,18,-,3600,-
1_4,19,43.91492295,59.85966659,710
network_id,property_id,abstract_time,total_time,size
1_5,0,-,3600,-
1_5,1,45.78784943,61.97477341,710
1_5,2,-,3600,-
1_5,3,46.20520782,47.2680397,710
1_5,4,45.74104118,46.83222604,710
1_5,5,-,3600,-
1_5,6,-,3600,-
1_5,7,46.81191039,63.861691,710
1_5,8,48.07519007,49.15330672,710
1_5,9,46.91170573,48.00982833,710
1_5,10,-,3600,-
1_5,11,46.49082184,64.37703514,710
1_5,12,-,3600,-
1_5,13,46.9191432,63.42084169,710
1_5,14,-,3600,-
1_5,15,43.9820962,60.08410692,710
1_5,16,-,3600,-
1_5,17,44.04423022,60.32272983,710
1_5,18,-,3600,-
1_5,19,45.34302258,46.38165021,710
network_id,property_id,abstract_time,total_time,size
1_6,0,-,3600,-
1_6,1,-,3600,-
1_6,2,-,3600,-
1_6,3,46.93899536,48.01456022,710
1_6,4,45.77870846,46.83666015,710
1_6,5,46.60488749,2761.307027,910
1_6,6,0,2.577897072,910
1_6,7,48.18840456,65.03760958,710
1_6,8,48.53010154,65.76947379,710
1_6,9,47.25167871,1634.431754,910
1_6,10,46.47729254,1637.228406,910
1_6,11,45.0639205,61.31891179,710
1_6,12,44.43110752,2377.166113,909
1_6,13,46.24512172,2088.483711,910
1_6,14,-,3600,-
1_6,15,45.69396448,62.0848856,710
1_6,16,-,3600,-
1_6,17,46.33747554,893.1785307,910
1_6,18,-,3600,-
1_6,19,-,3600,-
network_id,property_id,abstract_time,total_time,size
1_7,0,0,2.404768229,910
1_7,1,0,2.449831486,910
1_7,2,0,2.45861125,910
1_7,3,0,2.42454195,910
1_7,4,0,2.484547138,910
1_7,5,0,2.353178024,910
1_7,6,0,2.378947496,910
1_7,7,0,2.373944521,910
1_7,8,0,2.392564535,910
1_7,9,0,2.342575788,910
1_7,10,0,2.467772961,910
1_7,11,0,2.39226675,910
1_7,12,0,2.399957895,910
1_7,13,0,2.430682659,910
1_7,14,0,2.435815811,910
1_7,15,0,2.389599085,910
1_7,16,0,2.370029688,910
1_7,17,0,2.352283239,910
1_7,18,0,2.348431349,910
1_7,19,0,2.395039558,910
network_id,property_id,abstract_time,total_time,size
1_8,0,-,3600,-
1_8,1,45.79410696,1574.268947,910
1_8,2,-,3600,-
1_8,3,-,3600,-
1_8,4,-,3600,-
1_8,5,-,3600,-
1_8,6,-,3600,-
1_8,7,-,3600,-
1_8,8,44.93677354,61.12782884,710
1_8,9,-,3600,-
1_8,10,-,3600,-
1_8,11,-,3600,-
1_8,12,-,3600,-
1_8,13,45.12165999,842.288348,910
1_8,14,-,3600,-
1_8,15,-,3600,-
1_8,16,-,3600,-
1_8,17,43.5640111,59.24736404,710
1_8,18,43.30675697,59.34518743,710
1_8,19,-,3600,-
network_id,property_id,abstract_time,total_time,size
1_9,0,-,3600,-
1_9,1,-,3600,-
1_9,2,-,3600,-
1_9,3,-,3600,-
1_9,4,-,3600,-
1_9,5,-,3600,-
1_9,6,-,3600,-
1_9,7,-,3600,-
1_9,8,-,3600,-
1_9,9,-,3600,-
1_9,10,41.92486191,2413.529039,910
1_9,11,-,3600,-
1_9,12,43.93182135,2922.15136,910
1_9,13,41.63660574,3096.768913,910
1_9,14,41.42638183,3583.918102,908
1_9,15,-,3600,-
1_9,16,-,3600,-
1_9,17,43.92956233,822.7766414,910
1_9,18,-,3600,-
1_9,19,-,3600,-
network_id,property_id,abstract_time,total_time,size
2_1,0,-,3600,-
2_1,1,43.93248963,819.635942,910
2_1,2,43.60870552,3342.671278,910
2_1,3,42.54843044,1429.957497,910
2_1,4,-,3600,-
2_1,5,43.70488429,2135.128934,910
2_1,6,41.79364872,59.21959281,710
2_1,7,-,3600,-
2_1,8,-,3600,-
2_1,9,-,3600,-
2_1,10,41.03623223,799.066468,910
2_1,11,-,3600,-
2_1,12,41.1809566,2210.758728,910
2_1,13,42.90487933,1912.929283,910
2_1,14,42.38546419,769.7784169,910
2_1,15,-,3600,-
2_1,16,-,3600,-
2_1,17,42.72021723,950.4612904,910
2_1,18,-,3600,-
2_1,19,40.41815782,779.3486321,910
network_id,property_id,abstract_time,total_time,size
2_2,0,-,3600,-
2_2,1,-,3600,-
2_2,2,-,3600,-
2_2,3,43.08793163,3049.394084,910
2_2,4,-,3600,-
2_2,5,-,3600,-
2_2,6,0,2.283921957,910
2_2,7,-,3600,-
2_2,8,44.90216351,1156.782759,910
2_2,9,-,3600,-
2_2,10,43.80819058,2455.699001,910
2_2,11,-,3600,-
2_2,12,-,3600,-
2_2,13,-,3600,-
2_2,14,-,3600,-
2_2,15,-,3600,-
2_2,16,-,3600,-
2_2,17,41.02179432,874.3937526,910
2_2,18,-,3600,-
2_2,19,-,3600,-
network_id,property_id,abstract_time,total_time,size
2_3,0,-,3600,-
2_3,1,-,3600,-
2_3,2,-,3600,-
2_3,3,-,3600,-
2_3,4,-,3600,-
2_3,5,-,3600,-
2_3,6,41.87248015,62.01102328,710
2_3,7,-,3600,-
2_3,8,41.06082654,1353.207653,910
2_3,9,-,3600,-
2_3,10,-,3600,-
2_3,11,-,3600,-
2_3,12,-,3600,-
2_3,13,-,3600,-
2_3,14,42.52671099,1447.732093,908
2_3,15,-,3600,-
2_3,16,-,3600,-
2_3,17,42.55726123,878.3338041,907
2_3,18,-,3600,-
2_3,19,40.76426578,2563.026647,909
network_id,property_id,abstract_time,total_time,size
2_4,0,-,3600,-
2_4,1,42.07582951,934.2839572,910
2_4,2,-,3600,-
2_4,3,42.36332512,1589.778036,910
2_4,4,-,3600,-
2_4,5,41.60336661,2481.663231,909
2_4,6,41.54172277,1247.375822,910
2_4,7,-,3600,-
2_4,8,43.29447317,3103.253043,910
2_4,9,-,3600,-
2_4,10,41.70626044,1129.369086,909
2_4,11,-,3600,-
2_4,12,39.79782605,889.7721405,910
2_4,13,-,3600,-
2_4,14,42.98535943,1554.514747,910
2_4,15,-,3600,-
2_4,16,-,3600,-
2_4,17,42.9058888,1192.331845,910
2_4,18,-,3600,-
2_4,19,-,3600,-
network_id,property_id,abstract_time,total_time,size
2_5,0,-,3600,-
2_5,1,-,3600,-
2_5,2,-,3600,-
2_5,3,42.81708431,887.2507033,907
2_5,4,-,3600,-
2_5,5,41.53437972,1445.927928,905
2_5,6,0,2.217214346,910
2_5,7,-,3600,-
2_5,8,-,3600,-
2_5,9,-,3600,-
2_5,10,42.68334222,1717.150153,910
2_5,11,-,3600,-
2_5,12,-,3600,-
2_5,13,-,3600,-
2_5,14,-,3600,-
2_5,15,-,3600,-
2_5,16,-,3600,-
2_5,17,-,3600,-
2_5,18,-,3600,-
2_5,19,-,3600,-
network_id,property_id,abstract_time,total_time,size
2_6,0,-,3600,-
2_6,1,-,3600,-
2_6,2,-,3600,-
2_6,3,42.69486284,1759.43772,910
2_6,4,-,3600,-
2_6,5,-,3600,-
2_6,6,0,2.194892645,910
2_6,7,-,3600,-
2_6,8,-,3600,-
2_6,9,-,3600,-
2_6,10,40.85344315,1676.888593,910
2_6,11,-,3600,-
2_6,12,-,3600,-
2_6,13,-,3600,-
2_6,14,-,3600,-
2_6,15,-,3600,-
2_6,16,-,3600,-
2_6,17,41.31112862,1055.460697,909
2_6,18,-,3600,-
2_6,19,-,3600,-
network_id,property_id,abstract_time,total_time,size
2_7,0,-,3600,-
2_7,1,-,3600,-
2_7,2,-,3600,-
2_7,3,39.91850519,1007.750897,910
2_7,4,-,3600,-
2_7,5,42.82998347,3233.28673,909
2_7,6,-,3600,-
2_7,7,-,3600,-
2_7,8,-,3600,-
2_7,9,-,3600,-
2_7,10,-,3600,-
2_7,11,-,3600,-
2_7,12,-,3600,-
2_7,13,-,3600,-
2_7,14,-,3600,-
2_7,15,-,3600,-
2_7,16,-,3600,-
2_7,17,42.59456229,1774.653413,910
2_7,18,-,3600,-
2_7,19,40.8237803,1307.864197,910
network_id,property_id,abstract_time,total_time,size
2_8,0,-,3600,-
2_8,1,43.44097281,2926.991054,910
2_8,2,-,3600,-
2_8,3,43.46532774,819.6098046,910
2_8,4,-,3600,-
2_8,5,-,3600,-
2_8,6,0,2.418348551,910
2_8,7,-,3600,-
2_8,8,41.54535198,1163.274612,910
2_8,9,41.78831172,2055.018382,910
2_8,10,42.8971653,2138.555723,905
2_8,11,-,3600,-
2_8,12,-,3600,-
2_8,13,42.14893651,2198.668882,906
2_8,14,-,3600,-
2_8,15,-,3600,-
2_8,16,-,3600,-
2_8,17,42.93441534,1015.538462,910
2_8,18,-,3600,-
2_8,19,43.4949708,978.4019892,901
network_id,property_id,abstract_time,total_time,size
2_9,0,-,3600,-
2_9,1,-,3600,-
2_9,2,-,3600,-
2_9,3,43.3954916,2168.766816,910
2_9,4,-,3600,-
2_9,5,-,3600,-
2_9,6,-,3600,-
2_9,7,-,3600,-
2_9,8,42.15002346,1113.914226,910
2_9,9,-,3600,-
2_9,10,41.61120939,1462.750049,910
2_9,11,-,3600,-
2_9,12,-,3600,-
2_9,13,39.78982043,914.4879279,910
2_9,14,41.78269053,1420.042645,910
2_9,15,-,3600,-
2_9,16,-,3600,-
2_9,17,43.20800281,1359.801085,910
2_9,18,-,3600,-
2_9,19,41.31024933,969.2511344,910
network_id,property_id,abstract_time,total_time,size
3_1,0,-,3600,-
3_1,1,41.29302573,755.5580065,910
3_1,2,40.96156263,3498.78552,910
3_1,3,39.16399503,1029.476418,910
3_1,4,-,3600,-
3_1,5,41.00607514,941.5625188,910
3_1,6,-,3600,-
3_1,7,-,3600,-
3_1,8,41.22223258,2496.873814,909
3_1,9,40.86359763,794.5143688,910
3_1,10,-,3600,-
3_1,11,-,3600,-
3_1,12,-,3600,-
3_1,13,40.63226032,1875.520334,908
3_1,14,39.40184307,1046.33824,910
3_1,15,-,3600,-
3_1,16,-,3600,-
3_1,17,41.05282521,771.3847773,910
3_1,18,42.13094115,2597.35969,908
3_1,19,-,3600,-
network_id,property_id,abstract_time,total_time,size
3_2,0,-,3600,-
3_2,1,41.14452577,1552.990641,910
3_2,2,-,3600,-
3_2,3,42.77965498,1371.631761,910
3_2,4,-,3600,-
3_2,5,-,3600,-
3_2,6,-,3600,-
3_2,7,-,3600,-
3_2,8,41.4574213,1007.72316,910
3_2,9,-,3600,-
3_2,10,-,3600,-
3_2,11,-,3600,-
3_2,12,-,3600,-
3_2,13,41.47400188,982.9889517,910
3_2,14,-,3600,-
3_2,15,-,3600,-
3_2,16,-,3600,-
3_2,17,42.90879178,1254.442554,910
3_2,18,-,3600,-
3_2,19,-,3600,-
network_id,property_id,abstract_time,total_time,size
3_3,0,-,3600,-
3_3,1,-,3600,-
3_3,2,-,3600,-
3_3,3,42.10664201,824.2152393,910
3_3,4,-,3600,-
3_3,5,41.15190935,1537.589119,910
3_3,6,-,3600,-
3_3,7,-,3600,-
3_3,8,43.38825512,796.1008959,909
3_3,9,41.76162553,1375.557098,908
3_3,10,43.07019114,2920.763211,910
3_3,11,-,3600,-
3_3,12,41.75656009,1568.145827,910
3_3,13,42.63253689,1242.934824,909
3_3,14,41.54052424,1239.812333,910
3_3,15,-,3600,-
3_3,16,-,3600,-
3_3,17,37.68369055,839.9982641,910
3_3,18,-,3600,-
3_3,19,41.69830823,2485.692666,910
network_id,property_id,abstract_time,total_time,size
3_4,0,42.52386665,894.8951097,906
3_4,1,41.33798695,2815.52521,900
3_4,2,-,3600,-
3_4,3,-,3600,-
3_4,4,-,3600,-
3_4,5,-,3600,-
3_4,6,0,2.28293705,910
3_4,7,-,3600,-
3_4,8,-,3600,-
3_4,9,-,3600,-
3_4,10,-,3600,-
3_4,11,-,3600,-
3_4,12,-,3600,-
3_4,13,-,3600,-
3_4,14,-,3600,-
3_4,15,-,3600,-
3_4,16,-,3600,-
3_4,17,43.52629447,2864.580363,910
3_4,18,-,3600,-
3_4,19,-,3600,-
network_id,property_id,abstract_time,total_time,size
3_5,0,-,3600,-
3_5,1,-,3600,-
3_5,2,-,3600,-
3_5,3,41.39276361,1628.701764,910
3_5,4,39.72511077,1881.298931,908
3_5,5,-,3600,-
3_5,6,42.91703176,60.17608309,710
3_5,7,-,3600,-
3_5,8,-,3600,-
3_5,9,42.94832611,850.8590288,910
3_5,10,41.68738484,2813.279258,910
3_5,11,-,3600,-
3_5,12,42.6209166,1897.146045,907
3_5,13,42.60200119,1741.026253,906
3_5,14,-,3600,-
3_5,15,-,3600,-
3_5,16,-,3600,-
3_5,17,42.9359262,3128.221052,910
3_5,18,42.50878668,2737.636027,910
3_5,19,-,3600,-
network_id,property_id,abstract_time,total_time,size
3_6,0,-,3600,-
3_6,1,-,3600,-
3_6,2,-,3600,-
3_6,3,42.8237288,1651.245365,908
3_6,4,39.58750844,1019.850129,910
3_6,5,-,3600,-
3_6,6,41.43377757,1265.619854,910
3_6,7,-,3600,-
3_6,8,41.42652702,1041.918484,910
3_6,9,-,3600,-
3_6,10,-,3600,-
3_6,11,-,3600,-
3_6,12,-,3600,-
3_6,13,-,3600,-
3_6,14,42.84542108,1685.502093,910
3_6,15,41.15405369,977.2505355,910
3_6,16,-,3600,-
3_6,17,-,3600,-
3_6,18,-,3600,-
3_6,19,-,3600,-
network_id,property_id,abstract_time,total_time,size
3_7,0,-,3600,-
3_7,1,41.87145042,3445.925997,910
3_7,2,-,3600,-
3_7,3,42.9694953,888.6018994,910
3_7,4,-,3600,-
3_7,5,-,3600,-
3_7,6,0,2.433596134,910
3_7,7,-,3600,-
3_7,8,42.75627375,1697.107882,910
3_7,9,-,3600,-
3_7,10,-,3600,-
3_7,11,-,3600,-
3_7,12,-,3600,-
3_7,13,42.97108388,1911.19215,910
3_7,14,-,3600,-
3_7,15,41.36567259,1565.511839,910
3_7,16,-,3600,-
3_7,17,41.57546902,1046.487013,906
3_7,18,-,3600,-
3_7,19,-,3600,-
network_id,property_id,abstract_time,total_time,size
3_8,0,-,3600,-
3_8,1,-,3600,-
3_8,2,-,3600,-
3_8,3,-,3600,-
3_8,4,43.4714644,1909.763252,910
3_8,5,-,3600,-
3_8,6,-,3600,-
3_8,7,-,3600,-
3_8,8,41.6334343,1233.793832,910
3_8,9,-,3600,-
3_8,10,41.11479783,1017.9393,907
3_8,11,-,3600,-
3_8,12,-,3600,-
3_8,13,43.35036993,1350.508277,904
3_8,14,41.14998651,2479.350822,903
3_8,15,41.3741715,2515.555814,906
3_8,16,-,3600,-
3_8,17,43.34261441,2948.397009,910
3_8,18,-,3600,-
3_8,19,41.19269395,1815.706595,910
network_id,property_id,abstract_time,total_time,size
3_9,0,-,3600,-
3_9,1,-,3600,-
3_9,2,-,3600,-
3_9,3,41.60659361,843.5892701,906
3_9,4,42.53942609,2877.477315,910
3_9,5,-,3600,-
3_9,6,-,3600,-
3_9,7,-,3600,-
3_9,8,42.50975251,1174.136898,910
3_9,9,-,3600,-
3_9,10,42.47868991,3322.259243,904
3_9,11,-,3600,-
3_9,12,-,3600,-
3_9,13,-,3600,-
3_9,14,-,3600,-
3_9,15,-,3600,-
3_9,16,-,3600,-
3_9,17,-,3600,-
3_9,18,-,3600,-
3_9,19,-,3600,-
network_id,property_id,abstract_time,total_time,size
4_1,0,-,3600,-
4_1,1,-,3600,-
4_1,2,-,3600,-
4_1,3,-,3600,-
4_1,4,-,3600,-
4_1,5,-,3600,-
4_1,6,43.24642491,1681.785667,909
4_1,7,-,3600,-
4_1,8,-,3600,-
4_1,9,42.79048991,1244.939569,910
4_1,10,43.59045053,1718.643411,909
4_1,11,-,3600,-
4_1,12,-,3600,-
4_1,13,-,3600,-
4_1,14,-,3600,-
4_1,15,-,3600,-
4_1,16,-,3600,-
4_1,17,43.22205758,1114.019338,910
4_1,18,41.77076364,3114.670832,909
4_1,19,-,3600,-
network_id,property_id,abstract_time,total_time,size
4_2,0,-,3600,-
4_2,1,-,3600,-
4_2,2,-,3600,-
4_2,3,-,3600,-
4_2,4,-,3600,-
4_2,5,-,3600,-
4_2,6,42.93419027,59.75725961,710
4_2,7,-,3600,-
4_2,8,-,3600,-
4_2,9,-,3600,-
4_2,10,-,3600,-
4_2,11,-,3600,-
4_2,12,-,3600,-
4_2,13,-,3600,-
4_2,14,-,3600,-
4_2,15,-,3600,-
4_2,16,-,3600,-
4_2,17,-,3600,-
4_2,18,-,3600,-
4_2,19,-,3600,-
network_id,property_id,abstract_time,total_time,size
4_3,0,-,3600,-
4_3,1,-,3600,-
4_3,2,-,3600,-
4_3,3,41.08724999,2060.185776,910
4_3,4,-,3600,-
4_3,5,-,3600,-
4_3,6,0,2.220686436,910
4_3,7,-,3600,-
4_3,8,41.12847161,3411.423965,910
4_3,9,-,3600,-
4_3,10,40.92628574,3391.863421,910
4_3,11,-,3600,-
4_3,12,-,3600,-
4_3,13,40.97953868,980.3601909,910
4_3,14,41.02224469,2254.191578,910
4_3,15,-,3600,-
4_3,16,-,3600,-
4_3,17,-,3600,-
4_3,18,42.76801515,2961.062157,910
4_3,19,-,3600,-
network_id,property_id,abstract_time,total_time,size
4_4,0,-,3600,-
4_4,1,-,3600,-
4_4,2,-,3600,-
4_4,3,41.64131093,1419.630629,910
4_4,4,42.82544899,3043.065664,910
4_4,5,-,3600,-
4_4,6,-,3600,-
4_4,7,-,3600,-
4_4,8,43.38122463,909.800622,910
4_4,9,-,3600,-
4_4,10,-,3600,-
4_4,11,-,3600,-
4_4,12,42.84564185,1710.995227,910
4_4,13,-,3600,-
4_4,14,41.63427258,3370.598294,910
4_4,15,41.33373618,2404.524355,910
4_4,16,-,3600,-
4_4,17,41.28218269,1349.021289,910
4_4,18,-,3600,-
4_4,19,-,3600,-
network_id,property_id,abstract_time,total_time,size
4_5,0,-,3600,-
4_5,1,-,3600,-
4_5,2,-,3600,-
4_5,3,-,3600,-
4_5,4,-,3600,-
4_5,5,-,3600,-
4_5,6,-,3600,-
4_5,7,-,3600,-
4_5,8,-,3600,-
4_5,9,-,3600,-
4_5,10,-,3600,-
4_5,11,-,3600,-
4_5,12,-,3600,-
4_5,13,-,3600,-
4_5,14,-,3600,-
4_5,15,-,3600,-
4_5,16,-,3600,-
4_5,17,-,3600,-
4_5,18,-,3600,-
4_5,19,-,3600,-
network_id,property_id,abstract_time,total_time,size
4_6,0,-,3600,-
4_6,1,-,3600,-
4_6,2,-,3600,-
4_6,3,43.12232113,1565.594859,910
4_6,4,-,3600,-
4_6,5,-,3600,-
4_6,6,0,2.210779428,910
4_6,7,-,3600,-
4_6,8,-,3600,-
4_6,9,-,3600,-
4_6,10,41.31753659,1517.242469,909
4_6,11,-,3600,-
4_6,12,-,3600,-
4_6,13,41.50256252,1962.888824,910
4_6,14,-,3600,-
4_6,15,-,3600,-
4_6,16,-,3600,-
4_6,17,42.92478728,1924.672405,910
4_6,18,-,3600,-
4_6,19,-,3600,-
network_id,property_id,abstract_time,total_time,size
4_7,0,-,3600,-
4_7,1,-,3600,-
4_7,2,-,3600,-
4_7,3,-,3600,-
4_7,4,-,3600,-
4_7,5,-,3600,-
4_7,6,-,3600,-
4_7,7,-,3600,-
4_7,8,-,3600,-
4_7,9,-,3600,-
4_7,10,-,3600,-
4_7,11,-,3600,-
4_7,12,-,3600,-
4_7,13,38.00190639,2311.24938,903
4_7,14,43.26484609,1903.745101,899
4_7,15,-,3600,-
4_7,16,-,3600,-
4_7,17,43.0613451,1865.071851,901
4_7,18,-,3600,-
4_7,19,43.19546485,2387.189849,900
network_id,property_id,abstract_time,total_time,size
4_8,0,-,3600,-
4_8,1,41.66887784,1020.978675,908
4_8,2,-,3600,-
4_8,3,-,3600,-
4_8,4,42.71944833,2325.494745,910
4_8,5,42.98126483,3026.989074,910
4_8,6,-,3600,-
4_8,7,-,3600,-
4_8,8,42.80893874,770.9819832,906
4_8,9,-,3600,-
4_8,10,43.23400855,1780.699389,908
4_8,11,-,3600,-
4_8,12,-,3600,-
4_8,13,-,3600,-
4_8,14,42.67990422,2204.040317,910
4_8,15,-,3600,-
4_8,16,-,3600,-
4_8,17,41.27078414,1927.707427,910
4_8,18,-,3600,-
4_8,19,42.68853569,654.4842815,881
network_id,property_id,abstract_time,total_time,size
4_9,0,-,3600,-
4_9,1,-,3600,-
4_9,2,-,3600,-
4_9,3,40.03426433,2821.598953,910
4_9,4,-,3600,-
4_9,5,42.81593871,2296.312795,910
4_9,6,0,2.189979315,910
4_9,7,-,3600,-
4_9,8,37.93128371,1505.708086,910
4_9,9,-,3600,-
4_9,10,-,3600,-
4_9,11,-,3600,-
4_9,12,-,3600,-
4_9,13,-,3600,-
4_9,14,-,3600,-
4_9,15,-,3600,-
4_9,16,-,3600,-
4_9,17,-,3600,-
4_9,18,-,3600,-
4_9,19,-,3600,-
network_id,property_id,abstract_time,total_time,size
5_1,0,-,3600,-
5_1,1,41.49269199,2472.393261,910
5_1,2,-,3600,-
5_1,3,41.84692049,2665.227432,910
5_1,4,-,3600,-
5_1,5,-,3600,-
5_1,6,-,3600,-
5_1,7,-,3600,-
5_1,8,-,3600,-
5_1,9,-,3600,-
5_1,10,-,3600,-
5_1,11,-,3600,-
5_1,12,-,3600,-
5_1,13,-,3600,-
5_1,14,-,3600,-
5_1,15,-,3600,-
5_1,16,-,3600,-
5_1,17,41.67806482,2415.863566,910
5_1,18,-,3600,-
5_1,19,41.85566473,2476.220655,908
network_id,property_id,abstract_time,total_time,size
5_2,0,0,2.255161285,910
5_2,1,0,2.269194603,910
5_2,2,0,2.242876768,910
5_2,3,0,2.24635005,910
5_2,4,0,2.247688532,910
5_2,5,0,2.189322472,910
5_2,6,0,2.192828417,910
5_2,7,0,2.186285973,910
5_2,8,0,2.178524017,910
5_2,9,0,2.181409359,910
5_2,10,0,2.281829357,910
5_2,11,0,2.267326593,910
5_2,12,0,2.260099173,910
5_2,13,0,2.27473402,910
5_2,14,0,2.271572113,910
5_2,15,0,2.307264566,910
5_2,16,0,2.282702923,910
5_2,17,0,2.301908016,910
5_2,18,0,2.289178371,910
5_2,19,0,2.272623062,910
network_id,property_id,abstract_time,total_time,size
5_3,0,-,3600,-
5_3,1,41.718189,763.6071286,909
5_3,2,-,3600,-
5_3,3,41.84613061,3233.471035,910
5_3,4,41.99689937,842.99897,910
5_3,5,-,3600,-
5_3,6,-,3600,-
5_3,7,-,3600,-
5_3,8,41.50547767,1033.023083,910
5_3,9,41.22487354,2012.378733,910
5_3,10,42.63220859,1545.244353,910
5_3,11,-,3600,-
5_3,12,-,3600,-
5_3,13,-,3600,-
5_3,14,-,3600,-
5_3,15,42.59033489,2214.750285,908
5_3,16,-,3600,-
5_3,17,41.07296896,1498.622631,910
5_3,18,-,3600,-
5_3,19,-,3600,-
network_id,property_id,abstract_time,total_time,size
5_4,0,-,3600,-
5_4,1,42.97814202,2357.964365,910
5_4,2,-,3600,-
5_4,3,44.15431094,2084.582332,910
5_4,4,-,3600,-
5_4,5,-,3600,-
5_4,6,-,3600,-
5_4,7,-,3600,-
5_4,8,-,3600,-
5_4,9,-,3600,-
5_4,10,-,3600,-
5_4,11,-,3600,-
5_4,12,43.53553224,976.646332,910
5_4,13,43.39913416,1280.320701,910
5_4,14,41.01144695,1930.925701,910
5_4,15,-,3600,-
5_4,16,-,3600,-
5_4,17,43.41098285,875.244725,910
5_4,18,40.20236826,1142.442452,910
5_4,19,-,3600,-
network_id,property_id,abstract_time,total_time,size
5_5,0,-,3600,-
5_5,1,-,3600,-
5_5,2,-,3600,-
5_5,3,42.95311356,3538.82353,910
5_5,4,-,3600,-
5_5,5,-,3600,-
5_5,6,0,2.42861867,910
5_5,7,-,3600,-
5_5,8,-,3600,-
5_5,9,-,3600,-
5_5,10,41.08445454,1525.767247,910
5_5,11,-,3600,-
5_5,12,-,3600,-
5_5,13,-,3600,-
5_5,14,-,3600,-
5_5,15,-,3600,-
5_5,16,-,3600,-
5_5,17,40.97749496,746.4023325,908
5_5,18,-,3600,-
5_5,19,-,3600,-
network_id,property_id,abstract_time,total_time,size
5_6,0,-,3600,-
5_6,1,-,3600,-
5_6,2,-,3600,-
5_6,3,42.16926265,2952.360618,910
5_6,4,-,3600,-
5_6,5,-,3600,-
5_6,6,41.86312532,2317.982706,908
5_6,7,-,3600,-
5_6,8,-,3600,-
5_6,9,42.56841612,1919.534564,910
5_6,10,42.15653014,824.957974,907
5_6,11,-,3600,-
5_6,12,-,3600,-
5_6,13,-,3600,-
5_6,14,-,3600,-
5_6,15,-,3600,-
5_6,16,-,3600,-
5_6,17,42.39083195,1634.831923,910
5_6,18,-,3600,-
5_6,19,-,3600,-
network_id,property_id,abstract_time,total_time,size
5_7,0,-,3600,-
5_7,1,41.99846244,3040.9965,910
5_7,2,-,3600,-
5_7,3,41.60059977,1013.530213,910
5_7,4,-,3600,-
5_7,5,-,3600,-
5_7,6,0,2.475080729,910
5_7,7,-,3600,-
5_7,8,42.83508825,1276.993714,910
5_7,9,-,3600,-
5_7,10,39.79195142,851.1025362,906
5_7,11,-,3600,-
5_7,12,-,3600,-
5_7,13,-,3600,-
5_7,14,-,3600,-
5_7,15,-,3600,-
5_7,16,-,3600,-
5_7,17,41.70837355,1324.669531,910
5_7,18,-,3600,-
5_7,19,-,3600,-
network_id,property_id,abstract_time,total_time,size
5_8,0,-,3600,-
5_8,1,-,3600,-
5_8,2,-,3600,-
5_8,3,-,3600,-
5_8,4,-,3600,-
5_8,5,39.80541992,1799.079224,907
5_8,6,0,2.286457777,910
5_8,7,-,3600,-
5_8,8,-,3600,-
5_8,9,-,3600,-
5_8,10,-,3600,-
5_8,11,-,3600,-
5_8,12,-,3600,-
5_8,13,41.94592857,3046.481719,906
5_8,14,-,3600,-
5_8,15,-,3600,-
5_8,16,-,3600,-
5_8,17,39.61713934,1537.032319,907
5_8,18,-,3600,-
5_8,19,-,3600,-
network_id,property_id,abstract_time,total_time,size
5_9,0,-,3600,-
5_9,1,-,3600,-
5_9,2,-,3600,-
5_9,3,-,3600,-
5_9,4,-,3600,-
5_9,5,-,3600,-
5_9,6,42.03051114,1621.799943,910
5_9,7,-,3600,-
5_9,8,-,3600,-
5_9,9,-,3600,-
5_9,10,-,3600,-
5_9,11,-,3600,-
5_9,12,-,3600,-
5_9,13,39.49078727,2041.789335,910
5_9,14,41.14609885,3457.527951,908
5_9,15,-,3600,-
5_9,16,-,3600,-
5_9,17,-,3600,-
5_9,18,-,3600,-
5_9,19,-,3600,-
